{
  "best_metric": null,
  "best_model_checkpoint": null,
  "epoch": 2.6525198938992043,
  "global_step": 1000,
  "is_hyper_param_search": true,
  "is_local_process_zero": true,
  "is_world_process_zero": true,
  "log_history": [
    {
      "epoch": 1.33,
      "learning_rate": 0.0008984325281472688,
      "loss": 0.2774,
      "step": 500
    },
    {
      "epoch": 2.65,
      "learning_rate": 0.00018652085766607322,
      "loss": 0.2668,
      "step": 1000
    },
    {
      "epoch": 2.65,
      "eval_AUC": 0.4993726474278545,
      "eval_loss": 0.26438596844673157,
      "eval_runtime": 0.2442,
      "eval_samples_per_second": 7040.522,
      "eval_steps_per_second": 110.584,
      "step": 1000
    }
  ],
  "max_steps": 1131,
  "num_train_epochs": 3,
  "total_flos": 15537797982000.0,
  "trial_name": null,
  "trial_params": {
    "learning_rate": 0.0016103441986284643,
    "num_train_epochs": 3,
    "per_device_train_batch_size": 32,
    "seed": 6
  }
}
